{
  "benchmark": "beaver",
  "n": 300,
  "verdict_field": "verdict",
  "binary": {
    "accuracy": 0.7066666666666667,
    "precision": 0.6681614349775785,
    "recall": 0.9141104294478528,
    "f1": 0.772020725388601,
    "auprc": 0.6574400029345145
  },
  "macro_f1_categories": 0.005291005291005291
}