{
  "benchmark": "beaver",
  "n": 300,
  "verdict_field": "verdict",
  "binary": {
    "accuracy": 0.7066666666666667,
    "precision": 0.6712328767123288,
    "recall": 0.901840490797546,
    "f1": 0.7696335078534031,
    "auprc": 0.6586783203070287
  },
  "macro_f1_categories": 0.0
}