{
  "benchmark": "toxic",
  "n": 250,
  "verdict_field": "verdict",
  "binary": {
    "accuracy": 0.6,
    "precision": 0.5310734463276836,
    "recall": 0.8468468468468469,
    "f1": 0.6527777777777778,
    "auprc": 0.517737873466687
  }
}