{
  "benchmark": "wildguard",
  "n": 128,
  "verdict_field": "verdict",
  "per_task": {
    "prompt_harm": {
      "accuracy": 0.6484375,
      "precision": 0.6761904761904762,
      "recall": 0.8658536585365854,
      "f1": 0.7593582887700535,
      "auprc": 0.6714194976771196
    },
    "response_harm": {
      "accuracy": 0.5039370078740157,
      "precision": 0.4095238095238095,
      "recall": 0.9772727272727273,
      "f1": 0.5771812080536913,
      "auprc": 0.4080904659644817
    }
  },
  "macro_f1_tasks": 0.6682697484118725
}