{
  "benchmark": "beaver",
  "n": 300,
  "verdict_field": "verdict_reflect",
  "binary": {
    "accuracy": 0.6833333333333333,
    "precision": 0.660377358490566,
    "recall": 0.8588957055214724,
    "f1": 0.7466666666666667,
    "auprc": 0.6438619438978277
  },
  "macro_f1_categories": 0.0
}