{
  "benchmark": "openai",
  "n": 127,
  "verdict_field": "verdict",
  "binary": {
    "accuracy": 0.5826771653543307,
    "precision": 0.6120689655172413,
    "recall": 0.8987341772151899,
    "f1": 0.7282051282051282,
    "auprc": 0.6130794241073423
  }
}