accuracy,auprc,benchmark,f1,n_evaluated,precision,recall,setting
0.5826771653543307,0.6130794241073423,openai,0.7282051282051282,127,0.6120689655172413,0.8987341772151899,single
