{
  "fp16_bf16": {
    "n": 40,
    "mean_ms": 2095.5126678466795,
    "std_ms": 32.31186407424851,
    "p50_ms": 2088.764404296875,
    "peak_vram_mb": 15438.0712890625,
    "quantize_4bit": false
  },
  "nf4": {
    "n": 40,
    "mean_ms": 4203.078161621093,
    "std_ms": 33.196367407715776,
    "p50_ms": 4203.037841796875,
    "peak_vram_mb": 5660.794921875,
    "quantize_4bit": true
  }
}